GWAS_THRES,SIG_CUTOFF,MAX_MAG_WILCOX_GREATER_PVAL,MAX_MAG_WILCOX_LESS_PVAL,AVE_MAG_WILCOX_GREATER_PVAL,AVE_MAG_WILCOX_LESS_PVAL,MEDIAN_MAG_WILCOX_GREATER_PVAL,MEDIAN_MAG_WILCOX_LESS_PVAL,MAX_RATIO_TARGET_BKGRD,MEAN_RATIO_TARGET_BKGRD,MIN_RATIO_TARGET_BKGRD,BETA_WILCOX_PVAL_LESSTHAN005,BETA_WILCOX_PVAL_MORETHAN095
1e-5,1e-6,6.327039910545744e-19,1,3.934304088852476e-18,1,5.0903168507265225e-18,1,0.1121761146479909,0.04738576115647521,0.01179285127156633,0,82
1e-5,1e-7,7.325939621851265e-19,1,8.731832459107875e-19,1,6.327039910545744e-19,1,0.9218728668104976,0.12545914733092253,0.0317138814355488,0,100
1e-5,1e-8,7.998439467615223e-19,1,6.327039910545744e-19,1,6.327039910545744e-19,1,3.244909845852491,0.27958554986686,0.04800992085002818,0,103
1e-8,1e-10,4.0848044214584415e-13,0.9999999999996093,2.358120483886694e-12,0.9999999999977414,5.682067826742243e-10,0.9999999994530782,1.6094407775575723,0.0891087046865275,0.01050488455443675,0,50
